"","model","avg_dep_delay"
"1","737-282",8.43356643356643
"2","737-230",10.4586466165414
"3","ERJ 190-100 IGW",41.7239583333333
"4","A330-223",55.8
