Model,Average Delay
737-282,8.433566433566433
737-230,10.458646616541353
ERJ 190-100 IGW,41.723958333333336
A330-223,55.8
